,epoch,running_loss,dataset_type,tn,fp,fn,tp,accuracy
0,0,38.13785362243652,train,0.0,173747.0,0.0,1491253.0,0.8956474474474474
1,0,38.13785362243652,validation,0.0,22248.0,0.0,184752.0,0.8925217391304348
